name,total_muts,hs_muts,nb_of_hotspots
AAACCTGCAGTAACGG-32,1,0,0
AAAGATGGTACCGTAT-32,3,1,1
AAAGCAACATCCGTGG-32,1,0,0
AAAGTAGAGACAGAGA-32,3,1,0
AAAGTAGCAAAGCAAT-32,4,4,1
AAAGTAGGTTACGACT-32,1,0,0
AAAGTAGTCAGAGACG-32,5,3,0
AAATGCCGTTCGTCTC-32,6,1,0
AACCATGAGGCCCGTT-32,1,0,0
AACCATGGTCGCTTCT-32,1,0,0
AACTCCCGTTAGGGTG-32,1,0,0
AACTCTTAGTGTCTCA-32,1,1,0
AACTCTTGTGTTGAGG-32,1,0,0
AACTTTCAGGCACATG-32,1,1,1
AAGCCGCGTCGGCATC-32,3,2,0
AAGTCTGAGAGACTTA-32,7,2,0
AATCCAGGTAGGAGTC-32,1,1,1
AATCCAGTCCTATGTT-32,1,0,0
AATCGGTCAGGGTATG-32,1,0,0
ACACCAATCGTGACAT-32,4,1,0
ACACCGGGTCGAACAG-32,1,0,0
ACACCGGTCTCCAGGG-32,1,0,0
ACAGCCGAGGGAAACA-32,7,2,0
ACATACGAGCGAAGGG-32,4,1,0
ACATACGTCGGATGTT-32,6,4,0
ACATCAGCAGCGTTCG-32,3,0,0
ACATGGTTCGTTGACA-32,2,2,0
ACATGGTTCTGACCTC-32,3,1,2
ACCAGTAGTTGAACTC-32,3,1,0
ACCCACTTCAGCATGT-32,1,1,0
ACCCACTTCGACCAGC-32,1,0,0
ACCGTAAGTATCACCA-32,7,3,1
ACCTTTATCCTGTAGA-32,1,0,1
ACGAGCCAGCGTCAAG-32,7,5,0
ACGAGCCTCAGCATGT-32,1,0,0
ACGAGGACACCTCGGA-32,3,1,0
ACGAGGATCGGAGGTA-32,1,0,0
ACGATACAGGCAGGTT-32,2,1,0
ACGATACCACATCCGG-32,9,5,0
ACGCAGCTCGTATCAG-32,1,0,0
ACGCCAGAGCGTGTCC-32,9,3,0
ACGCCAGAGTACGCGA-32,14,6,0
ACGCCAGTCGTCTGAA-32,4,1,0
ACGCCGAAGAGCTTCT-32,7,3,0
ACGCCGACAAGCTGTT-32,1,0,1
ACGGAGAGTTATTCTC-32,1,0,0
ACGGCCAGTTCGCTAA-32,4,2,0
ACGGGCTCACCCTATC-32,10,5,3
ACGTCAAAGTTTAGGA-32,3,1,0
ACGTCAAGTATCAGTC-32,1,1,0
ACTATCTCATCGATGT-32,2,1,0
ACTGAACTCGAATGCT-32,9,5,1
ACTGATGAGTGTACGG-32,4,2,0
ACTGATGCACATCCGG-32,1,1,0
ACTGCTCCAGTTAACC-32,5,3,1
ACTGCTCGTTTGGCGC-32,9,7,0
ACTGTCCCACCACGTG-32,1,0,0
ACTTGTTTCTACTCAT-32,1,0,0
ACTTTCACACTGAAGG-32,6,5,1
ACTTTCACAGTGACAG-32,8,6,0
AGAATAGTCTGCTTGC-32,1,1,0
AGACGTTTCCTTGACC-32,2,2,0
AGACGTTTCGGATGGA-32,5,2,0
AGAGTGGCAGGGAGAG-32,3,2,0
AGAGTGGGTAAGGGAA-32,3,2,1
AGAGTGGTCATGCATG-32,1,0,0
AGATCTGTCATGCTCC-32,8,5,1
AGATTGCTCAACGAAA-32,1,0,0
AGATTGCTCCCAAGTA-32,7,6,1
AGATTGCTCCGCATAA-32,5,3,0
AGCAGCCAGGACAGCT-32,1,0,0
AGCAGCCCACGTAAGG-32,1,0,0
AGCAGCCGTTGATTCG-32,7,1,1
AGCATACGTTCGCGAC-32,6,3,0
AGCGGTCCAGGTCTCG-32,1,0,0
AGCGTATGTAGCTGCC-32,1,0,0
AGCTCCTGTCTGGAGA-32,1,0,0
AGGCCACCAATAACGA-32,6,3,0
AGGCCGTCAGGTCTCG-32,5,3,0
AGGGAGTCAGGTGGAT-32,5,2,1
AGGGAGTGTGTCAATC-32,2,1,0
AGGGATGTCACCATAG-32,2,0,2
AGGTCATAGTACATGA-32,1,0,0
AGGTCATTCACGCATA-32,6,4,0
AGGTCCGTCGCATGAT-32,1,0,1
AGTAGTCCAAAGTCAA-32,3,3,0
AGTAGTCCAACGATGG-32,7,4,0
AGTAGTCCACACGCTG-32,2,2,0
AGTAGTCTCTGGTTCC-32,3,2,1
AGTCTTTAGAACTCGG-32,5,3,0
AGTCTTTCAAGTTGTC-32,4,4,1
AGTCTTTGTGATGTCT-32,1,0,0
AGTGAGGTCTGTCTAT-32,1,0,0
AGTGGGAGTTGGTGGA-32,1,1,0
AGTGTCACAGCGTCCA-32,1,0,0
AGTTGGTCATGAAGTA-32,5,2,0
AGTTGGTTCGAGAGCA-32,7,2,0
ATAAGAGGTTGCGCAC-32,3,3,0
ATAAGAGTCGAACTGT-32,6,4,0
ATCACGAGTATTCGTG-32,1,0,0
ATCATGGAGGCCCTTG-32,1,0,1
ATCATGGCAGCTCCGA-32,5,4,0
ATCATGGTCTTCGGTC-32,7,6,1
ATCCACCAGTACGCCC-32,1,0,0
ATCGAGTCACGAAGCA-32,1,0,0
ATGAGGGTCCAAGCCG-32,1,0,0
ATGCGATAGACAATAC-32,4,1,3
ATGCGATAGCTCCTTC-32,5,2,0
ATGCGATCATTTCACT-32,1,1,1
ATGGGAGAGACGCACA-32,1,1,0
ATTATCCAGCGTTGCC-32,6,6,0
ATTATCCGTCGGCACT-32,3,2,0
ATTATCCTCTTCATGT-32,3,0,0
ATTCTACTCACTATTC-32,4,4,0
ATTCTACTCCGCGGTA-32,1,0,0
ATTGGTGCACGTCAGC-32,4,2,0
ATTGGTGCAGATCTGT-32,3,2,0
ATTTCTGAGACAATAC-32,4,1,1
CAACCAACATGCAACT-32,10,3,0
CAACCAACATGGGACA-32,1,0,0
CAACCTCGTATTACCG-32,4,4,1
CAAGATCAGAACAATC-32,2,1,0
CAAGATCGTTCAACCA-32,1,0,0
CAAGTTGTCAGCTCTC-32,3,1,0
CACAAACGTCTAGCGC-32,1,0,0
CACAAACTCTACCAGA-32,5,5,0
CACACAAAGCGCCTTG-32,1,0,0
CACACAATCCCTAACC-32,1,0,0
CACACCTTCACTCCTG-32,5,4,0
CACATAGAGGGAGTAA-32,4,1,0
CACATTTAGAAGCCCA-32,1,0,0
CACCACTCATTATCTC-32,2,0,0
CACCACTTCTACCTGC-32,4,2,0
CACCTTGCACGGCTAC-32,4,3,0
CACTCCACAATGGACG-32,9,1,0
CAGAATCTCCGCAAGC-32,3,3,0
CAGAGAGGTAGGACAC-32,4,4,1
CAGAGAGTCCTTGCCA-32,2,1,1
CAGATCAAGGGATCTG-32,3,1,1
CAGATCACAGTTCATG-32,1,0,0
CAGATCATCAGTTGAC-32,9,5,0
CAGCATAGTCTCTTTA-32,3,1,0
CAGCATATCACAATGC-32,2,2,0
CAGCATATCCGCAAGC-32,4,2,0
CAGCCGACACAGGCCT-32,1,1,0
CAGCCGAGTCCGAGTC-32,7,5,0
CAGCGACTCTATGTGG-32,7,6,1
CAGCTAAAGAAAGTGG-32,1,0,0
CAGCTAAAGTCGATAA-32,1,0,0
CAGCTAACAAGGTGTG-32,10,3,1
CAGCTAACACGTTGGC-32,4,4,0
CAGGTGCAGCCACGCT-32,1,0,0
CATATTCAGGGCTTGA-32,3,1,1
CATATTCGTTCCGGCA-32,1,0,0
CATATTCTCTTTAGTC-32,1,0,0
CATCAGACAGGGTATG-32,6,3,0
CATCGAATCAAGGTAA-32,8,3,0
CATGACAGTGAGTGAC-32,4,1,0
CATGCCTTCAGAGGTG-32,2,1,3
CATGGCGAGTACATGA-32,4,1,0
CATGGCGAGTTGAGAT-32,6,5,0
CATGGCGGTTCATGGT-32,5,3,0
CATGGCGTCTCTGTCG-32,4,2,0
CATTATCGTGTGCCTG-32,4,4,0
CATTATCGTTCACCTC-32,3,3,0
CATTCGCGTGTGACGA-32,2,1,1
CCAATCCTCTTAACCT-32,6,3,0
CCACCTATCATTGCCC-32,4,4,1
CCACGGATCGGAGGTA-32,6,2,0
CCACTACAGATGTGTA-32,1,0,0
CCAGCGAGTTCTGGTA-32,4,3,0
CCATGTCAGGCGATAC-32,8,2,0
CCATTCGCATTCCTCG-32,8,7,1
CCCAGTTGTTGGAGGT-32,1,0,0
CCCATACTCAGCTCTC-32,7,2,0
CCCTCCTTCCTGCCAT-32,3,2,0
CCTAAAGAGCACAGGT-32,5,3,1
CCTAAAGCAAAGTCAA-32,1,0,0
CCTAAAGCACCGAAAG-32,1,1,1
CCTAAAGGTATAGGTA-32,1,0,0
CCTAAAGGTGATAAGT-32,7,6,1
CCTAAAGTCCTAGTGA-32,1,0,0
CCTACACAGATCTGCT-32,3,2,1
CCTACACGTACCATCA-32,2,2,0
CCTACACTCCATGCTC-32,3,1,1
CCTAGCTAGTGTCCAT-32,7,4,0
CCTAGCTGTGGTGTAG-32,1,0,0
CCTATTATCTAACGGT-32,8,5,2
CCTCAGTAGACCTTTG-32,5,4,0
CCTCAGTCAGATAATG-32,1,0,0
CCTCTGAGTCGACTGC-32,1,0,0
CCTTCCCCACACAGAG-32,4,3,0
CCTTTCTCATACGCCG-32,8,5,0
CCTTTCTGTAGCGCTC-32,4,1,0
CGAACATCATGGGACA-32,7,3,1
CGACCTTCAGTATAAG-32,2,1,0
CGACTTCGTCCGTTAA-32,1,0,0
CGAGCACTCGTCTGAA-32,5,2,1
CGAGCCACATATACCG-32,5,1,0
CGAGCCATCTCCAGGG-32,5,3,0
CGATGGCCAATCGGTT-32,1,0,0
CGATGTAGTCTCCCTA-32,8,3,0
CGCCAAGAGAGCTGCA-32,1,0,0
CGCCAAGCACGGATAG-32,1,1,0
CGCGTTTAGAATGTTG-32,7,3,0
CGCTATCAGACAATAC-32,5,4,0
CGCTATCAGCAGATCG-32,3,2,2
CGCTATCGTCACCTAA-32,3,3,0
CGCTGGACAATGAAAC-32,3,3,0
CGCTGGAGTGGCCCTA-32,2,0,0
CGCTTCAAGTTATCGC-32,1,0,0
CGCTTCAGTATCACCA-32,4,2,0
CGGACGTGTTACAGAA-32,2,1,1
CGGACGTTCACTCTTA-32,5,4,0
CGGACTGAGAGACTAT-32,3,1,0
CGGACTGAGCCAGAAC-32,4,4,1
CGGAGCTAGAAACCTA-32,2,2,0
CGGCTAGTCGACAGCC-32,8,3,0
CGGGTCAGTTGTGGCC-32,5,4,0
CGTCACTTCAAGGCTT-32,1,0,0
CGTCAGGTCGCGTTTC-32,7,3,0
CGTCCATGTAGCGTAG-32,2,2,1
CGTGAGCAGACGACGT-32,1,0,0
CGTGAGCTCAACCATG-32,3,0,2
CGTGAGCTCCCTCAGT-32,1,1,0
CGTGTCTCAGCTCGAC-32,11,7,0
CGTGTCTTCGCAGGCT-32,4,4,1
CTAACTTAGTACCGGA-32,3,1,0
CTACATTTCTCTAGGA-32,4,4,0
CTAGAGTGTCGAATCT-32,12,6,0
CTAGAGTGTCTCAACA-32,1,1,0
CTAGCCTCAGGCGATA-32,6,1,0
CTCAGAATCAAGCCTA-32,4,4,1
CTCAGAATCGCGATCG-32,1,0,0
CTCATTAAGATCCGAG-32,1,0,0
CTCCTAGTCCGCATCT-32,2,2,1
CTCGAAAGTGCCTGTG-32,3,2,0
CTCGAAAGTTCATGGT-32,1,0,0
CTCGAGGTCATGTCTT-32,1,0,1
CTCGAGGTCCCAGGTG-32,2,1,0
CTCGGAGAGGCCCTTG-32,7,2,0
CTCGTACTCTTACCTA-32,2,2,0
CTCTGGTGTTCATGGT-32,1,1,0
CTCTGGTTCCTGTAGA-32,3,2,2
CTGAAACAGGTGTTAA-32,1,0,0
CTGATAGCACTGAAGG-32,4,1,3
CTGATCCCAACACCCG-32,9,3,0
CTGCTGTAGCCAGGAT-32,2,2,0
CTGCTGTGTCAATGTC-32,11,4,0
CTGCTGTTCGTCTGCT-32,6,5,0
CTGGTCTAGCAGGCTA-32,3,0,0
CTGTTTAGTGCCTGTG-32,3,1,0
CTTGGCTTCACAGGCC-32,3,2,0
CTTTGCGAGACAGGCT-32,1,0,0
CTTTGCGAGGAGCGTT-32,1,0,0
CTTTGCGCAATCACAC-32,7,3,2
GAAACTCAGAGGTACC-32,7,3,0
GAAACTCGTACACCGC-32,5,3,0
GAAACTCGTGGAAAGA-32,3,2,0
GAACCTAGTGGCAAAC-32,6,3,0
GAAGCAGTCTTTACAC-32,1,0,0
GAATAAGAGTACGCGA-32,1,0,0
GAATAAGCACCCATGG-32,1,0,0
GAATAAGCATTAGCCA-32,4,4,1
GACACGCGTCTAGAGG-32,3,1,1
GACAGAGAGGCCATAG-32,1,0,2
GACAGAGCATCTACGA-32,1,0,0
GACAGAGTCCGTCATC-32,1,0,0
GACAGAGTCGCATGGC-32,7,6,0
GACCAATCACATGACT-32,1,0,0
GACGGCTTCAAGGTAA-32,1,0,0
GACGTGCCATTCTTAC-32,4,2,0
GACGTGCGTCCCTTGT-32,2,1,1
GACTAACCAAACGTGG-32,3,2,1
GACTAACCACATCCGG-32,3,2,0
GACTACAAGATGAGAG-32,1,0,0
GACTACAGTCCATCCT-32,4,1,3
GACTACAGTTTGCATG-32,1,0,0
GACTGCGGTAACGACG-32,1,0,0
GACTGCGGTGCAGTAG-32,1,0,0
GAGCAGAAGACCACGA-32,1,0,0
GAGCAGACACGAAATA-32,7,5,0
GAGCAGACATCCCACT-32,4,3,0
GATCAGTGTCAGCTAT-32,2,1,0
GATCGTAAGTGGTAAT-32,7,2,0
GATCGTATCTCACATT-32,1,0,0
GATCTAGAGAGCTGGT-32,4,4,0
GATCTAGTCTCGTTTA-32,2,1,1
GATGAAAGTTCCTCCA-32,16,12,0
GATGAAAGTTCGGGCT-32,1,0,0
GATGAGGCATCAGTAC-32,1,0,0
GATGAGGGTGATGCCC-32,10,5,1
GATTCAGCAATGTTGC-32,8,4,0
GATTCAGCAGGTGCCT-32,1,0,0
GCACATATCCTGCCAT-32,7,3,1
GCACTCTAGTGGTAGC-32,1,0,0
GCACTCTTCAGGCCCA-32,4,4,1
GCAGCCAAGCCTATGT-32,4,2,0
GCAGTTACATCAGTAC-32,4,3,0
GCATGTACATCTCCCA-32,1,0,0
GCATGTAGTAACGACG-32,3,2,0
GCCAAATAGATAGCAT-32,7,1,0
GCCAAATTCAGCATGT-32,1,1,1
GCCTCTACATTTGCCC-32,7,3,1
GCGACCAGTTATGTGC-32,4,2,0
GCGCCAAGTGACGCCT-32,7,2,0
GCGCGATAGAAGGTGA-32,1,0,0
GCGCGATAGTGGACGT-32,5,1,0
GCGGGTTAGCAATATG-32,1,0,0
GCTCCTAGTCATCCCT-32,1,0,0
GCTCCTAGTTTGTGTG-32,6,5,0
GCTCCTATCAGTACGT-32,6,2,0
GCTCCTATCGTATCAG-32,1,0,0
GCTGCAGAGCTAGGCA-32,3,1,0
GCTGCGAAGTCGAGTG-32,4,3,1
GCTGGGTTCGAACGGA-32,1,0,0
GCTTCCAAGCTAAACA-32,5,4,1
GCTTGAAAGCAGGCTA-32,2,1,0
GGAAAGCAGGCCATAG-32,3,1,0
GGAATAATCAGCTCGG-32,7,2,1
GGACAGAAGATAGGAG-32,9,4,0
GGACAGATCCCTCAGT-32,2,0,1
GGACGTCAGGACACCA-32,1,1,0
GGAGCAACACCTGGTG-32,1,0,0
GGATTACTCATGTGGT-32,7,5,1
GGCAATTAGATAGGAG-32,1,0,0
GGCAATTAGCTGCAAG-32,5,4,0
GGCCGATCACGCTTTC-32,1,1,1
GGCCGATCAGATCTGT-32,6,3,0
GGCGACTGTTTGGGCC-32,2,1,0
GGCGACTTCTGTCTAT-32,6,3,0
GGGACCTAGAAGGCCT-32,6,2,0
GGGACCTTCTTGAGAC-32,6,5,1
GGGAGATAGAGTGACC-32,6,4,1
GGGAGATGTCCTAGCG-32,1,0,0
GGGAGATGTGCAACGA-32,1,0,0
GGGATGACATCCTAGA-32,2,2,0
GGGCACTCAACGCACC-32,5,4,0
GGGCACTGTCGAAAGC-32,7,3,1
GGGCACTTCTGGCGAC-32,5,1,1
GGGCATCAGACTGGGT-32,7,3,1
GGGTCTGAGGAGCGTT-32,1,1,0
GGGTCTGGTGGCAAAC-32,1,0,0
GGTGCGTCAGTGAGTG-32,4,1,0
GGTGCGTGTTAGAACA-32,7,2,0
GGTGTTACAGATCTGT-32,2,2,1
GTAACGTGTACCATCA-32,1,0,0
GTACGTAGTGAGGGAG-32,5,2,1
GTACGTATCACCGGGT-32,2,1,1
GTACTCCAGCTACCTA-32,9,5,0
GTACTCCTCGCTGATA-32,1,0,0
GTATCTTCAGCCTTGG-32,1,0,0
GTATCTTCATACTACG-32,1,0,0
GTCAAGTGTATGAATG-32,2,1,1
GTCAAGTTCGCCTGTT-32,7,7,1
GTCACAAAGATCCGAG-32,2,0,0
GTCACAAGTTGGTTTG-32,7,2,0
GTCACAATCAACGCTA-32,4,3,0
GTCACGGCACACGCTG-32,7,3,0
GTCATTTAGCAGGTCA-32,14,10,0
GTCATTTAGCCACGCT-32,2,2,0
GTCATTTCAGTCACTA-32,3,0,0
GTCATTTGTTACGACT-32,1,0,0
GTCCTCAAGAAACCAT-32,2,1,0
GTCCTCACAGCGAACA-32,1,0,0
GTCCTCATCAGTACGT-32,2,0,0
GTCCTCATCATTGCCC-32,1,0,0
GTCGGGTTCCTATGTT-32,4,4,0
GTCTCGTCATCACCCT-32,8,3,3
GTCTCGTTCGTGGACC-32,5,3,0
GTCTTCGTCTTGTATC-32,4,4,1
GTGCAGCGTTGATTCG-32,4,4,1
GTGCATACACTAAGTC-32,4,3,0
GTGGGTCTCCGGCACA-32,1,0,0
GTGTGCGTCTTAGAGC-32,7,3,1
GTTAAGCGTGATGTCT-32,1,1,0
GTTAAGCTCGATGAGG-32,6,5,0
GTTACAGCACCTATCC-32,3,3,0
GTTACAGGTGAACCTT-32,8,3,0
GTTCATTAGTGTACTC-32,7,3,1
GTTCATTCAGTCCTTC-32,9,7,0
GTTCTCGGTCGCGAAA-32,7,3,1
GTTTCTAGTGTTTGTG-32,1,1,0
TAAACCGTCAAGAAGT-32,4,4,0
TAAGAGAAGCGTGAAC-32,7,4,1
TAAGAGAGTACCAGTT-32,3,1,1
TAAGCGTGTTCCTCCA-32,3,0,0
TACACGAAGCACAGGT-32,6,4,0
TACACGACAGTATGCT-32,1,0,0
TACACGATCCTCAACC-32,2,2,0
TACAGTGGTTCTGGTA-32,3,0,0
TACAGTGTCCGAACGC-32,1,0,0
TACCTTAAGTATGACA-32,2,0,0
TACGGATAGAAAGTGG-32,5,3,0
TACGGATCATGGTCTA-32,2,1,0
TACTCATCAAAGTGCG-32,1,0,0
TACTCATGTAAGAGGA-32,5,4,0
TACTTGTGTTAGATGA-32,1,1,0
TACTTGTTCCGCGCAA-32,3,2,0
TAGACCAGTATTCGTG-32,5,3,1
TAGAGCTGTGGCGAAT-32,2,0,0
TAGGCATCAGCTGGCT-32,6,4,0
TAGTGGTCAAGGCTCC-32,1,0,0
TAGTGGTTCGTCCAGG-32,2,1,0
TAGTTGGCAAGCGAGT-32,5,3,0
TCACAAGAGGATGTAT-32,1,1,1
TCACGAAGTATAGGGC-32,1,0,0
TCAGATGAGCTCCTCT-32,3,1,0
TCAGATGCAGAGTGTG-32,1,0,0
TCAGATGTCTTCTGGC-32,5,2,0
TCAGCTCGTTCAGCGC-32,2,1,1
TCAGGATGTTCCACTC-32,1,0,0
TCGAGGCAGTGTACGG-32,1,0,0
TCGAGGCTCACGAAGG-32,7,3,1
TCGCGTTGTCTGGTCG-32,6,1,0
TCGTACCAGAAGGGTA-32,2,0,1
TCGTAGAGTAATCACC-32,5,4,0
TCTCATAGTGCAACTT-32,1,0,0
TCTCTAAAGTATGACA-32,3,2,0
TCTGAGAGTGTGAAAT-32,1,0,0
TCTGAGATCAATCACG-32,3,2,0
TCTGAGATCTGATACG-32,1,0,0
TCTTCGGCAACGATGG-32,6,1,1
TCTTTCCTCTGATTCT-32,1,0,0
TGACGGCCATCCTAGA-32,2,1,0
TGACTAGAGAACTCGG-32,3,2,2
TGACTAGAGCATCATC-32,2,0,0
TGACTAGTCTATCCTA-32,2,0,0
TGACTTTCAACACCCG-32,2,1,0
TGACTTTCAGACAAAT-32,1,0,0
TGAGAGGAGAACAACT-32,1,0,0
TGAGAGGCACGTAAGG-32,4,4,1
TGAGAGGCATGAACCT-32,1,0,0
TGAGCATAGAATGTGT-32,1,0,2
TGAGCATGTTAGGGTG-32,1,0,0
TGAGGGAGTTCATGGT-32,6,0,1
TGATTTCAGTGATCGG-32,1,0,0
TGCACCTAGATATGCA-32,1,0,0
TGCCCATAGGGAACGG-32,5,2,0
TGCCCATCACCCATGG-32,4,0,0
TGCCCTACACAACGTT-32,1,0,1
TGCCCTACAGACTCGC-32,3,3,0
TGCCCTAGTTCACCTC-32,2,2,1
TGCGCAGTCACCACCT-32,4,4,1
TGCGTGGGTACAGTTC-32,6,6,0
TGCTACCTCTTGCCGT-32,1,0,0
TGCTGCTCAAAGCGGT-32,3,2,1
TGCTGCTGTTACGACT-32,7,6,0
TGCTGCTTCCATGAAC-32,4,4,1
TGGACGCCAGCCTTGG-32,5,1,1
TGGCCAGGTAGCGCTC-32,7,5,1
TGGCCAGTCGAGGTAG-32,3,3,1
TGGCGCAAGGAGTACC-32,1,0,0
TGGCGCAGTAAGTGTA-32,7,6,0
TGGCGCAGTGATGTCT-32,1,0,0
TGGCGCATCTTCCTTC-32,3,3,0
TGGCTGGAGCTCTCGG-32,3,2,0
TGGGCGTAGAAAGTGG-32,1,0,0
TGGGCGTTCATCTGTT-32,3,1,0
TGGTTAGGTCGGCTCA-32,6,3,1
TGTATTCAGACGCACA-32,5,3,0
TGTCCCAGTCTAGTCA-32,3,1,1
TGTCCCATCTTTAGTC-32,6,1,1
TGTGGTACAGCTGCAC-32,1,0,0
TGTGTTTCAGACAGGT-32,4,4,1
TGTTCCGGTTAAAGTG-32,14,8,0
TTAACTCTCCGCAAGC-32,2,1,0
TTAGGCAAGGCTATCT-32,4,4,1
TTAGGCACAGCGAACA-32,4,1,0
TTAGGCATCAGCTGGC-32,6,4,0
TTAGTTCAGAGCTTCT-32,3,2,0
TTATGCTCAGTGGGAT-32,2,1,0
TTATGCTGTAAATGAC-32,2,0,1
TTATGCTTCGAACTGT-32,5,4,0
TTCCCAGAGCTACCTA-32,2,2,0
TTCCCAGCATAGTAAG-32,4,1,1
TTCCCAGGTTGTCGCG-32,1,1,0
TTCTACAGTGCAGACA-32,2,1,1
TTCTCAACACAGATTC-32,1,0,0
TTCTTAGGTTGCCTCT-32,1,0,0
TTCTTAGTCGAACGGA-32,1,0,0
TTGAACGTCTGAGTGT-32,2,0,0
TTGACTTAGGCCCTCA-32,4,1,0
TTGCGTCAGGCATGGT-32,1,0,0
TTGGAACGTCATGCCG-32,5,2,0
TTGGCAAAGCGTGAGT-32,1,0,0
TTGGCAACAAGTCATC-32,4,3,0
TTGTAGGAGTCTCAAC-32,7,3,1
TTGTAGGCAAGTTGTC-32,7,6,0
TTGTAGGGTGTAAGTA-32,4,4,1
TTGTAGGTCTCAAGTG-32,8,8,0
TTTACTGAGTTAAGTG-32,4,2,0
TTTACTGCAATCGAAA-32,4,0,0
TTTATGCGTATATGAG-32,2,2,0
TTTATGCTCTTGAGGT-32,2,2,0
TTTGCGCAGTGTTAGA-32,1,0,0
TTTGCGCTCTTAGAGC-32,1,0,1
TTTGGTTAGGACCACA-32,7,4,0
TTTGGTTAGGTGCTAG-32,4,3,0
TTTGTCAGTAGCACGA-32,8,6,0
